{"orbit": 0.5837694544602555, "degree": 0.9042387024715877, "cluster": 1.266189852223115, "node_bpd_mean": 0.7680303454399109, "node_bpd_stderr": 0.003242030559566826, "edge_bpd_mean": 0.020049655809998512, "edge_bpd_stderr": 0.0005135179847043157}