{"orbit": 0.4681471420771237, "degree": 0.42655793459257646, "cluster": 0.38535907087412713, "node_bpd_mean": 1.2291920185089111, "node_bpd_stderr": 0.012840787476081231, "edge_bpd_mean": 0.08766747266054153, "edge_bpd_stderr": 0.002777494437604544}