{"degree": 0.7201402881097289, "cluster": 0.24177805717834544, "node_bpd_mean": 0.7139005064964294, "node_bpd_stderr": 0.010550733473447132, "edge_bpd_mean": 0.3480766713619232, "edge_bpd_stderr": 0.009612704636574229}