{"orbit": 0.9371103452792645, "degree": 0.7735196486872653, "cluster": 1.134249395318973, "node_bpd_mean": 1.4032419919967651, "node_bpd_stderr": 0.009917354818582812, "edge_bpd_mean": 0.3586920499801636, "edge_bpd_stderr": 0.007570763217956911}