{"node_bpd_mean": 1.6237257719039917, "node_bpd_stderr": 0.0053641190070770174, "edge_bpd_mean": 2.4218227863311768, "edge_bpd_stderr": 0.05424625697797483}