{"orbit": 0.44429640962090555, "degree": 0.723095628255302, "cluster": 0.5905224253128227, "node_bpd_mean": 1.2335188388824463, "node_bpd_stderr": 0.006899495120972114, "edge_bpd_mean": 3.242424726486206, "edge_bpd_stderr": 0.04742154385072992}