{"orbit": 0.4296399965793536, "degree": 0.3784986726937645, "cluster": 0.24155136252356235, "node_bpd_mean": 0.7139005661010742, "node_bpd_stderr": 0.010550733473447132, "edge_bpd_mean": 0.3480767011642456, "edge_bpd_stderr": 0.009612706553330385}