{"orbit": 0.7627897964731839, "degree": 1.478153888882662, "cluster": 1.7517338775886575, "node_bpd_mean": 1.939117431640625, "node_bpd_stderr": 0.040243595174788586, "edge_bpd_mean": 0.2144397795200348, "edge_bpd_stderr": 0.01762982302233917}