{"orbit": 0.7233443120812163, "degree": 1.4413555806293934, "cluster": 1.7474705510377289, "node_bpd_mean": 1.9665141105651855, "node_bpd_stderr": 0.0418448487801266, "edge_bpd_mean": 0.1958063393831253, "edge_bpd_stderr": 0.015672316155488076}