{"orbit": 0.1320576324740083, "degree": 0.09627979844934664, "cluster": 0.5782949577553727, "node_bpd_mean": 1.917750597000122, "node_bpd_stderr": 0.07539284213482078, "edge_bpd_mean": 0.8101675510406494, "edge_bpd_stderr": 0.09352362808196509}