{"orbit": 0.0022412739735667418, "degree": 0.08151679185813043, "cluster": 0.12550242790879085, "node_bpd_mean": 1.7047978639602661, "node_bpd_stderr": 0.004316829934446005, "edge_bpd_mean": 0.43340933322906494, "edge_bpd_stderr": 0.000612941988330483}